{"v":"5.8.0","fr":24,"ip":0,"op":144,"w":400,"h":400,"nm":"Comp 1","ddd":0,"assets":[],"layers":[{"ddd":0,"ind":1,"ty":4,"nm":"Layer 4","sr":1,"ks":{"o":{"a":0,"k":100,"ix":11},"r":{"a":0,"k":0,"ix":10},"p":{"a":0,"k":[363.991,326.422,0],"ix":2,"l":2},"a":{"a":0,"k":[361.991,330.422,0],"ix":1,"l":2},"s":{"a":0,"k":[100,100,100],"ix":6,"l":2}},"ao":0,"hasMask":true,"masksProperties":[{"inv":false,"mode":"a","pt":{"a":0,"k":{"i":[[0,-103.719],[-103.721,0],[0,103.723],[103.721,0]],"o":[[0,103.723],[103.721,0],[0,-103.719],[-103.721,0]],"v":[[11.602,190.545],[199.405,378.349],[387.207,190.545],[199.405,2.745]],"c":true},"ix":1},"o":{"a":0,"k":100,"ix":3},"x":{"a":0,"k":0,"ix":4},"nm":"Mask 1"}],"shapes":[{"ty":"gr","it":[{"ty":"gr","it":[{"ty":"gr","it":[{"ind":0,"ty":"sh","ix":1,"ks":{"a":0,"k":{"i":[[0,0],[22.142,27.427],[-28.538,12.614],[0,0]],"o":[[0,0],[-22.139,-27.429],[28.539,-12.617],[0,0]],"v":[[51.6,86.223],[-71.012,7.323],[-59.761,-85.266],[84.868,18.373]],"c":true},"ix":2},"nm":"Path 1","mn":"ADBE Vector Shape - Group","hd":false},{"ty":"fl","c":{"a":0,"k":[0.760784327984,0.298039227724,0.196078434587,1],"ix":4},"o":{"a":0,"k":100,"ix":5},"r":1,"bm":0,"nm":"Fill 1","mn":"ADBE Vector Graphic - Fill","hd":false},{"ty":"tr","p":{"a":0,"k":[188.388,373.659],"ix":2},"a":{"a":0,"k":[0,0],"ix":1},"s":{"a":0,"k":[100,100],"ix":3},"r":{"a":0,"k":0,"ix":6},"o":{"a":0,"k":100,"ix":7},"sk":{"a":0,"k":0,"ix":4},"sa":{"a":0,"k":0,"ix":5},"nm":"Transform"}],"nm":"Group 1","np":2,"cix":2,"bm":0,"ix":1,"mn":"ADBE Vector Group","hd":false},{"ty":"gr","it":[{"ind":0,"ty":"sh","ix":1,"ks":{"a":0,"k":{"i":[[-1.811,-9.884],[6.298,-1.297],[1.815,9.886],[-6.302,1.296]],"o":[[1.811,9.884],[-6.302,1.295],[-1.807,-9.882],[6.298,-1.295]],"v":[[11.411,-2.35],[3.279,17.897],[-11.412,2.348],[-3.276,-17.897]],"c":true},"ix":2},"nm":"Path 1","mn":"ADBE Vector Shape - Group","hd":false},{"ty":"fl","c":{"a":0,"k":[0.749019622803,0.443137258291,0.329411774874,1],"ix":4},"o":{"a":0,"k":100,"ix":5},"r":1,"bm":0,"nm":"Fill 1","mn":"ADBE Vector Graphic - Fill","hd":false},{"ty":"tr","p":{"a":0,"k":[180.123,152.956],"ix":2},"a":{"a":0,"k":[0,0],"ix":1},"s":{"a":0,"k":[100,100],"ix":3},"r":{"a":0,"k":0,"ix":6},"o":{"a":0,"k":100,"ix":7},"sk":{"a":0,"k":0,"ix":4},"sa":{"a":0,"k":0,"ix":5},"nm":"Transform"}],"nm":"Group 2","np":2,"cix":2,"bm":0,"ix":2,"mn":"ADBE Vector Group","hd":false},{"ty":"gr","it":[{"ind":0,"ty":"sh","ix":1,"ks":{"a":0,"k":{"i":[[2.214,1.871],[-2.427,2.039],[0.83,-3.656]],"o":[[3.095,-0.977],[-1.055,3.811],[-1.436,-2.54]],"v":[[-21.264,-10.484],[-12.915,-15.078],[-15.739,-3.815]],"c":true},"ix":2},"nm":"Path 1","mn":"ADBE Vector Shape - Group","hd":false},{"ind":1,"ty":"sh","ix":2,"ks":{"a":0,"k":{"i":[[0,9.372],[13.504,0],[3.473,-9.274],[5.433,0],[0,-13.502],[-0.09,-0.854],[1.342,0],[0,-13.504],[-5.307,-4.484],[0,-10.935],[-10.097,-3.008],[0,-6.538],[-13.504,0],[-0.007,0],[-13.065,0],[0,13.506],[13.5,0],[0.007,0],[9.696,2.889],[0,6.538],[0.254,1.412],[-7.992,0.923],[-10.909,16.682]],"o":[[0,-13.5],[-10.489,0],[-4.059,-2.999],[-13.503,0],[0,0.878],[-1.284,-0.208],[-13.5,0],[0,7.492],[-9.901,3.127],[0,11.072],[-4.18,4.387],[0,13.504],[0.007,0],[0.681,12.897],[13.5,0],[0,-13.504],[-0.007,0],[-0.555,-10.494],[4.18,-4.387],[0,-1.486],[3.766,-5.264],[14.714,-1.701],[7.738,-4.105]],"v":[[61.484,-71.632],[37.035,-96.077],[14.131,-80.199],[-0.38,-84.973],[-24.832,-60.525],[-24.693,-57.927],[-28.635,-58.247],[-53.083,-33.797],[-44.402,-15.121],[-61.484,8.198],[-44.022,31.628],[-50.773,48.488],[-26.325,72.937],[-26.305,72.936],[-1.888,96.077],[22.556,71.627],[-1.888,47.177],[-1.909,47.177],[-19.335,25.058],[-12.583,8.198],[-12.977,3.848],[4.27,-6.746],[48.473,-50.02]],"c":true},"ix":2},"nm":"Path 2","mn":"ADBE Vector Shape - Group","hd":false},{"ty":"fl","c":{"a":0,"k":[0.074509806931,0.215686276555,0.35686275363,1],"ix":4},"o":{"a":0,"k":100,"ix":5},"r":1,"bm":0,"nm":"Fill 1","mn":"ADBE Vector Graphic - Fill","hd":false},{"ty":"tr","p":{"a":0,"k":[181.427,143.368],"ix":2},"a":{"a":0,"k":[0,0],"ix":1},"s":{"a":0,"k":[100,100],"ix":3},"r":{"a":0,"k":0,"ix":6},"o":{"a":0,"k":100,"ix":7},"sk":{"a":0,"k":0,"ix":4},"sa":{"a":0,"k":0,"ix":5},"nm":"Transform"}],"nm":"Group 3","np":3,"cix":2,"bm":0,"ix":3,"mn":"ADBE Vector Group","hd":false},{"ty":"gr","it":[{"ind":0,"ty":"sh","ix":1,"ks":{"a":0,"k":{"i":[[4.329,-8.432],[4.635,2.677],[-4.329,8.436],[-4.638,-2.673]],"o":[[-4.328,8.434],[-4.635,-2.673],[4.328,-8.434],[4.631,2.673]],"v":[[8.392,4.84],[-7.837,15.27],[-8.393,-4.84],[7.84,-15.272]],"c":true},"ix":2},"nm":"Path 1","mn":"ADBE Vector Shape - Group","hd":false},{"ty":"fl","c":{"a":0,"k":[0.749019622803,0.443137258291,0.329411774874,1],"ix":4},"o":{"a":0,"k":100,"ix":5},"r":1,"bm":0,"nm":"Fill 1","mn":"ADBE Vector Graphic - Fill","hd":false},{"ty":"tr","p":{"a":0,"k":[284.261,162.359],"ix":2},"a":{"a":0,"k":[0,0],"ix":1},"s":{"a":0,"k":[100,100],"ix":3},"r":{"a":0,"k":0,"ix":6},"o":{"a":0,"k":100,"ix":7},"sk":{"a":0,"k":0,"ix":4},"sa":{"a":0,"k":0,"ix":5},"nm":"Transform"}],"nm":"Group 4","np":2,"cix":2,"bm":0,"ix":4,"mn":"ADBE Vector Group","hd":false},{"ty":"gr","it":[{"ind":0,"ty":"sh","ix":1,"ks":{"a":0,"k":{"i":[[52.832,-1.378],[14.6,-18.925],[-36.266,-31.818],[-5.311,38.192]],"o":[[0,0],[-14.6,18.927],[36.266,31.822],[5.312,-38.184]],"v":[[3.069,-68.799],[-34.822,-52.571],[-28.891,56.7],[48.525,14.311]],"c":true},"ix":2},"nm":"Path 1","mn":"ADBE Vector Shape - Group","hd":false},{"ty":"fl","c":{"a":0,"k":[0.749019622803,0.443137258291,0.329411774874,1],"ix":4},"o":{"a":0,"k":100,"ix":5},"r":1,"bm":0,"nm":"Fill 1","mn":"ADBE Vector Graphic - Fill","hd":false},{"ty":"tr","p":{"a":0,"k":[233.399,153.451],"ix":2},"a":{"a":0,"k":[0,0],"ix":1},"s":{"a":0,"k":[100,100],"ix":3},"r":{"a":0,"k":0,"ix":6},"o":{"a":0,"k":100,"ix":7},"sk":{"a":0,"k":0,"ix":4},"sa":{"a":0,"k":0,"ix":5},"nm":"Transform"}],"nm":"Group 5","np":2,"cix":2,"bm":0,"ix":5,"mn":"ADBE Vector Group","hd":false},{"ty":"gr","it":[{"ind":0,"ty":"sh","ix":1,"ks":{"a":0,"k":{"i":[[-0.386,2.064],[0,0],[0,0],[3.527,-17.898],[1.301,-6.572],[7.992,7.015],[3.448,9.808]],"o":[[0.514,-2.775],[0,0],[0,0],[-1.233,6.26],[-7.625,-1.125],[-8.714,-7.642],[0.609,-3.132]],"v":[[-24.356,-20.374],[-23.558,-24.784],[25.857,-26.014],[19.452,6.519],[15.608,26.014],[-7.982,14.159],[-25.857,-12.48]],"c":true},"ix":2},"nm":"Path 1","mn":"ADBE Vector Shape - Group","hd":false},{"ty":"fl","c":{"a":0,"k":[0.658823549747,0.364705890417,0.258823543787,1],"ix":4},"o":{"a":0,"k":100,"ix":5},"r":1,"bm":0,"nm":"Fill 1","mn":"ADBE Vector Graphic - Fill","hd":false},{"ty":"tr","p":{"a":0,"k":[226.766,222.009],"ix":2},"a":{"a":0,"k":[0,0],"ix":1},"s":{"a":0,"k":[100,100],"ix":3},"r":{"a":0,"k":0,"ix":6},"o":{"a":0,"k":100,"ix":7},"sk":{"a":0,"k":0,"ix":4},"sa":{"a":0,"k":0,"ix":5},"nm":"Transform"}],"nm":"Group 6","np":2,"cix":2,"bm":0,"ix":6,"mn":"ADBE Vector Group","hd":false},{"ty":"gr","it":[{"ind":0,"ty":"sh","ix":1,"ks":{"a":0,"k":{"i":[[0,0],[0.514,-2.775],[6.408,-12.145],[-32.977,5.714],[-0.873,4.379],[-2.314,11.714],[-1.24,6.297],[0,0]],"o":[[0,0],[-2.465,13.313],[-7.746,14.67],[9.818,-1.701],[1.663,-8.372],[1.3,-6.61],[3.527,-17.898],[0,0]],"v":[[-14.573,-64.526],[-15.371,-60.116],[-33.733,9.512],[25.76,65.276],[18.335,17.896],[24.573,-13.617],[28.437,-33.224],[34.841,-65.757]],"c":true},"ix":2},"nm":"Path 1","mn":"ADBE Vector Shape - Group","hd":false},{"ty":"fl","c":{"a":0,"k":[0.749019622803,0.443137258291,0.329411774874,1],"ix":4},"o":{"a":0,"k":100,"ix":5},"r":1,"bm":0,"nm":"Fill 1","mn":"ADBE Vector Graphic - Fill","hd":false},{"ty":"tr","p":{"a":0,"k":[217.781,261.751],"ix":2},"a":{"a":0,"k":[0,0],"ix":1},"s":{"a":0,"k":[100,100],"ix":3},"r":{"a":0,"k":0,"ix":6},"o":{"a":0,"k":100,"ix":7},"sk":{"a":0,"k":0,"ix":4},"sa":{"a":0,"k":0,"ix":5},"nm":"Transform"}],"nm":"Group 7","np":2,"cix":2,"bm":0,"ix":7,"mn":"ADBE Vector Group","hd":false},{"ty":"gr","it":[{"ind":0,"ty":"sh","ix":1,"ks":{"a":0,"k":{"i":[[0,0],[21.862,-23.881],[-3.973,-30.395],[0,0],[-37.098,24.605],[3.973,21.709],[7.95,8.682]],"o":[[0,0],[-21.863,23.879],[3.973,30.395],[0,0],[0,0],[-3.977,-21.709],[-7.95,-8.686]],"v":[[-27.868,-193.432],[-90.854,-170.285],[-52.521,70.108],[-72.78,181.32],[94.12,182.893],[94.12,-57.379],[49.072,-176.065]],"c":true},"ix":2},"nm":"Path 1","mn":"ADBE Vector Shape - Group","hd":false},{"ty":"fl","c":{"a":0,"k":[0.956862747669,0.454901963472,0.345098048449,1],"ix":4},"o":{"a":0,"k":100,"ix":5},"r":1,"bm":0,"nm":"Fill 1","mn":"ADBE Vector Graphic - Fill","hd":false},{"ty":"tr","p":{"a":0,"k":[212.684,464.664],"ix":2},"a":{"a":0,"k":[0,0],"ix":1},"s":{"a":0,"k":[100,100],"ix":3},"r":{"a":0,"k":0,"ix":6},"o":{"a":0,"k":100,"ix":7},"sk":{"a":0,"k":0,"ix":4},"sa":{"a":0,"k":0,"ix":5},"nm":"Transform"}],"nm":"Group 8","np":2,"cix":2,"bm":0,"ix":8,"mn":"ADBE Vector Group","hd":false},{"ty":"gr","it":[{"ind":0,"ty":"sh","ix":1,"ks":{"a":0,"k":{"i":[[23.567,-1.1],[0,0],[0,0],[0.352,7.51]],"o":[[-95.688,4.459],[0,0],[4.257,-28.199],[-31.268,-19.715]],"v":[[-42.712,-39.701],[-54.269,44.891],[85.124,46.824],[81.767,-9.53]],"c":true},"ix":2},"nm":"Path 1","mn":"ADBE Vector Shape - Group","hd":false},{"ty":"fl","c":{"a":0,"k":[0.760784327984,0.298039227724,0.196078434587,1],"ix":4},"o":{"a":0,"k":100,"ix":5},"r":1,"bm":0,"nm":"Fill 1","mn":"ADBE Vector Graphic - Fill","hd":false},{"ty":"tr","p":{"a":0,"k":[301.501,326.245],"ix":2},"a":{"a":0,"k":[0,0],"ix":1},"s":{"a":0,"k":[100,100],"ix":3},"r":{"a":0,"k":0,"ix":6},"o":{"a":0,"k":100,"ix":7},"sk":{"a":0,"k":0,"ix":4},"sa":{"a":0,"k":0,"ix":5},"nm":"Transform"}],"nm":"Group 9","np":2,"cix":2,"bm":0,"ix":9,"mn":"ADBE Vector Group","hd":false},{"ty":"gr","it":[{"ind":0,"ty":"sh","ix":1,"ks":{"a":0,"k":{"i":[[0,11.122],[8.259,3.924],[0,5.455],[13.5,0],[1.772,-0.409],[0,2.334],[13.504,0],[3.873,-8.391],[3.651,-58.393],[-24.842,-13.088],[0,-2.234],[-13.5,0],[-3.758,2.354],[-1.038,0],[-4.191,7.444],[-4.478,0],[0,13.502],[2.16,3.645],[-1.151,0],[0,13.504],[4.715,4.457]],"o":[[0,-9.752],[3.019,-4.067],[0,-13.502],[-1.896,0],[0.611,-2.138],[0,-13.502],[-9.847,0],[-42.623,-6.645],[-2.705,43.261],[-0.561,2.056],[0,13.502],[4.761,0],[1.004,0.126],[9.149,0],[3.609,2.102],[13.504,0],[0,-4.544],[1.108,0.154],[13.504,0],[0,-7.002],[10.161,-2.966]],"v":[[85.876,-11.689],[71.905,-33.781],[76.712,-48.339],[52.264,-72.789],[46.753,-72.158],[47.697,-78.885],[23.245,-103.331],[1.041,-89.115],[-85.598,-10.287],[-46.133,72.431],[-47,78.881],[-22.551,103.331],[-9.593,99.612],[-6.53,99.81],[14.783,87.335],[27.063,90.646],[51.515,66.196],[48.111,53.755],[51.5,53.995],[75.948,29.546],[68.288,11.778]],"c":true},"ix":2},"nm":"Path 1","mn":"ADBE Vector Shape - Group","hd":false},{"ty":"fl","c":{"a":0,"k":[0.074509806931,0.215686276555,0.35686275363,1],"ix":4},"o":{"a":0,"k":100,"ix":5},"r":1,"bm":0,"nm":"Fill 1","mn":"ADBE Vector Graphic - Fill","hd":false},{"ty":"tr","p":{"a":0,"k":[234.156,153.676],"ix":2},"a":{"a":0,"k":[0,0],"ix":1},"s":{"a":0,"k":[100,100],"ix":3},"r":{"a":0,"k":0,"ix":6},"o":{"a":0,"k":100,"ix":7},"sk":{"a":0,"k":0,"ix":4},"sa":{"a":0,"k":0,"ix":5},"nm":"Transform"}],"nm":"Group 11","np":2,"cix":2,"bm":0,"ix":10,"mn":"ADBE Vector Group","hd":false},{"ty":"tr","p":{"a":0,"k":[234.156,153.676],"ix":2},"a":{"a":0,"k":[234.156,153.676],"ix":1},"s":{"a":0,"k":[100,100],"ix":3},"r":{"a":0,"k":0,"ix":6},"o":{"a":0,"k":100,"ix":7},"sk":{"a":0,"k":0,"ix":4},"sa":{"a":0,"k":0,"ix":5},"nm":"Transform"}],"nm":"Group 1","np":10,"cix":2,"bm":0,"ix":1,"mn":"ADBE Vector Group","hd":false},{"ty":"tr","p":{"a":1,"k":[{"i":{"x":0.667,"y":1},"o":{"x":0.333,"y":0},"t":0,"s":[208.156,150.676],"to":[0,1.333],"ti":[0,0]},{"i":{"x":0.667,"y":1},"o":{"x":0.333,"y":0},"t":24,"s":[208.156,158.676],"to":[0,0],"ti":[0,0]},{"i":{"x":0.667,"y":1},"o":{"x":0.333,"y":0},"t":48,"s":[208.156,150.676],"to":[0,0],"ti":[0,0]},{"i":{"x":0.667,"y":1},"o":{"x":0.333,"y":0},"t":72,"s":[208.156,158.676],"to":[0,0],"ti":[0,0]},{"i":{"x":0.667,"y":1},"o":{"x":0.333,"y":0},"t":96,"s":[208.156,150.676],"to":[0,0],"ti":[0,0]},{"i":{"x":0.667,"y":1},"o":{"x":0.333,"y":0},"t":120,"s":[208.156,158.676],"to":[0,0],"ti":[0,1.333]},{"t":144,"s":[208.156,150.676]}],"ix":2},"a":{"a":0,"k":[234.156,153.676],"ix":1},"s":{"a":0,"k":[100,100],"ix":3},"r":{"a":0,"k":0,"ix":6},"o":{"a":0,"k":100,"ix":7},"sk":{"a":0,"k":0,"ix":4},"sa":{"a":0,"k":0,"ix":5},"nm":"Transform"}],"nm":"Group 1","np":1,"cix":2,"bm":0,"ix":1,"mn":"ADBE Vector Group","hd":false}],"ip":0,"op":144,"st":0,"bm":0},{"ddd":0,"ind":2,"ty":4,"nm":"Layer 2","sr":1,"ks":{"o":{"a":0,"k":100,"ix":11},"r":{"a":0,"k":0,"ix":10},"p":{"a":0,"k":[200,200,0],"ix":2,"l":2},"a":{"a":0,"k":[0,0,0],"ix":1,"l":2},"s":{"a":0,"k":[121.049,121.049,100],"ix":6,"l":2}},"ao":0,"shapes":[{"ty":"gr","it":[{"ind":0,"ty":"sh","ix":1,"ks":{"a":0,"k":{"i":[[0,-91.249],[91.25,0],[0,91.249],[-91.249,0]],"o":[[0,91.249],[-91.249,0],[0,-91.249],[91.25,0]],"v":[[165.222,0],[-0.001,165.222],[-165.222,0],[-0.001,-165.222]],"c":true},"ix":2},"nm":"Path 1","mn":"ADBE Vector Shape - Group","hd":false},{"ty":"fl","c":{"a":0,"k":[1,1,1,1],"ix":4},"o":{"a":0,"k":100,"ix":5},"r":1,"bm":0,"nm":"Fill 1","mn":"ADBE Vector Graphic - Fill","hd":false},{"ty":"tr","p":{"a":0,"k":[0,0],"ix":2},"a":{"a":0,"k":[0,0],"ix":1},"s":{"a":0,"k":[100,100],"ix":3},"r":{"a":0,"k":0,"ix":6},"o":{"a":0,"k":100,"ix":7},"sk":{"a":0,"k":0,"ix":4},"sa":{"a":0,"k":0,"ix":5},"nm":"Transform"}],"nm":"Group 1","np":2,"cix":2,"bm":0,"ix":1,"mn":"ADBE Vector Group","hd":false}],"ip":0,"op":144,"st":0,"bm":0}],"markers":[]}